RegPeltierTempColdsideAdc,RegPeltierTempHotsideAdc,RegPeltierPWMDutyCycle,RegPeltierReverseMode,RegPeltierPidSetpointAdc,RegPeltierPidDt,RegPeltierPidKp,RegPeltierPidKi,RegPeltierPidKd,
2062,2039,4,0,2200,270,20,0,0,
2063,2039,4,0,2200,270,20,0,0,
2063,2040,4,0,2200,270,20,0,0,
2063,2038,4,0,2200,270,20,0,0,
2062,2038,4,0,2200,270,20,0,0,
2062,2039,4,0,2200,270,20,0,0,
2062,2039,4,0,2200,270,20,0,0,
2062,2040,4,0,2200,270,20,0,0,
2062,2042,4,0,2200,270,20,0,0,
2063,2041,4,0,2200,270,20,0,0,
2062,2040,4,0,2200,270,20,0,0,
2062,2039,4,0,2200,270,20,0,0,
2064,2039,4,0,2200,270,20,0,0,
2065,2040,4,0,2200,270,20,0,0,
2064,2038,4,0,2200,270,20,0,0,
2063,2038,4,0,2200,270,20,0,0,
2062,2038,4,0,2200,270,20,0,0,
2063,2039,4,0,2200,270,20,0,0,
2063,2040,4,0,2200,270,20,0,0,
2064,2039,4,0,2200,270,20,0,0,
2062,2040,4,0,2200,270,20,0,0,
2062,2040,4,0,2200,270,20,0,0,
2063,2041,4,0,2200,270,20,0,0,
2063,2043,4,0,2200,270,20,0,0,
2063,2040,4,0,2200,270,20,0,0,
2063,2039,4,0,2200,270,20,0,0,
2064,2038,4,0,2200,270,20,0,0,
2064,2039,4,0,2200,270,20,0,0,
2064,2039,4,0,2200,270,20,0,0,
2065,2039,4,0,2200,270,20,0,0,
2063,2040,4,0,2200,270,20,0,0,
2065,2039,4,0,2200,270,20,0,0,
2066,2040,4,0,2200,270,20,0,0,
2067,2039,4,0,2200,270,20,0,0,
2067,2039,4,0,2200,270,20,0,0,
2065,2039,4,0,2200,270,20,0,0,
2065,2040,4,0,2200,270,20,0,0,
2065,2042,4,0,2200,270,20,0,0,
2065,2040,4,0,2200,270,20,0,0,
2064,2039,4,0,2200,270,20,0,0,
2065,2038,4,0,2200,270,20,0,0,
2066,2038,4,0,2200,270,20,0,0,
2067,2039,4,0,2200,270,20,0,0,
2066,2040,4,0,2200,270,20,0,0,
2066,2040,4,0,2200,270,20,0,0,
2066,2040,4,0,2200,270,20,0,0,
2068,2040,4,0,2200,270,20,0,0,
2068,2038,4,0,2200,270,20,0,0,
2067,2039,4,0,2200,270,20,0,0,
2067,2041,4,0,2200,270,20,0,0,
2067,2043,4,0,2200,270,20,0,0,
2068,2042,4,0,2200,270,20,0,0,
2068,2041,4,0,2200,270,20,0,0,
2069,2040,4,0,2200,270,20,0,0,
2069,2039,3,0,2200,270,20,0,0,
2069,2039,3,0,2200,270,20,0,0,
2069,2039,3,0,2200,270,20,0,0,
2070,2038,3,0,2200,270,20,0,0,
2071,2038,3,0,2200,270,20,0,0,
2071,2039,3,0,2200,270,20,0,0,
2070,2039,3,0,2200,270,20,0,0,
2070,2041,3,0,2200,270,20,0,0,
2070,2041,3,0,2200,270,20,0,0,
2070,2042,3,0,2200,270,20,0,0,
2070,2041,3,0,2200,270,20,0,0,
2070,2041,3,0,2200,270,20,0,0,
2071,2041,3,0,2200,270,20,0,0,
2070,2040,3,0,2200,270,20,0,0,
2069,2040,3,0,2200,270,20,0,0,
2068,2040,3,0,2200,270,20,0,0,
2069,2040,3,0,2200,270,20,0,0,
2071,2039,3,0,2200,270,20,0,0,
2071,2039,3,0,2200,270,20,0,0,
2072,2039,3,0,2200,270,20,0,0,
2071,2040,3,0,2200,270,20,0,0,
2072,2039,3,0,2200,270,20,0,0,
2072,2039,3,0,2200,270,20,0,0,
2072,2038,3,0,2200,270,20,0,0,
2072,2039,3,0,2200,270,20,0,0,
2073,2039,3,0,2200,270,20,0,0,
2080,2041,3,0,2200,270,20,0,0,
2080,2041,3,0,2200,270,20,0,0,
2071,2042,3,0,2200,270,20,0,0,
2073,2042,3,0,2200,270,20,0,0,
2073,2041,3,0,2200,270,20,0,0,
2073,2041,3,0,2200,270,20,0,0,
2072,2040,3,0,2200,270,20,0,0,
2071,2040,3,0,2200,270,20,0,0,
2071,2041,3,0,2200,270,20,0,0,
2071,2040,3,0,2200,270,20,0,0,
2071,2040,3,0,2200,270,20,0,0,
2072,2041,3,0,2200,270,20,0,0,
2074,2041,3,0,2200,270,20,0,0,
2074,2040,3,0,2200,270,20,0,0,
2074,2041,3,0,2200,270,20,0,0,
2073,2040,3,0,2200,270,20,0,0,
2073,2039,3,0,2200,270,20,0,0,
2074,2040,3,0,2200,270,20,0,0,
2074,2041,3,0,2200,270,20,0,0,
2074,2041,3,0,2200,270,20,0,0,
2074,2042,3,0,2200,270,20,0,0,
2074,2041,3,0,2200,270,20,0,0,
2074,2042,3,0,2200,270,20,0,0,
2075,2042,3,0,2200,270,20,0,0,
2076,2043,3,0,2200,270,20,0,0,
2075,2041,3,0,2200,270,20,0,0,
2074,2041,3,0,2200,270,20,0,0,
2074,2042,3,0,2200,270,20,0,0,
2074,2042,3,0,2200,270,20,0,0,
2075,2037,3,0,2200,270,20,0,0,
2075,2037,3,0,2200,270,20,0,0,
2075,2037,3,0,2200,270,20,0,0,
2076,2042,3,0,2200,270,20,0,0,
2076,2041,3,0,2200,270,20,0,0,
2076,2042,3,0,2200,270,20,0,0,
2076,2041,3,0,2200,270,20,0,0,
2076,2042,3,0,2200,270,20,0,0,
2077,2041,3,0,2200,270,20,0,0,
2078,2042,3,0,2200,270,20,0,0,
2078,2042,3,0,2200,270,20,0,0,
2078,2041,3,0,2200,270,20,0,0,
2077,2041,3,0,2200,270,20,0,0,
2077,2040,3,0,2200,270,20,0,0,
2078,2040,3,0,2200,270,20,0,0,
2078,2042,3,0,2200,270,20,0,0,
2079,2041,3,0,2200,270,20,0,0,
2079,2040,3,0,2200,270,20,0,0,
2078,2041,3,0,2200,270,20,0,0,
2077,2040,3,0,2200,270,20,0,0,
2077,2042,3,0,2200,270,20,0,0,
2077,2044,3,0,2200,270,20,0,0,
2077,2043,3,0,2200,270,20,0,0,
2078,2042,3,0,2200,270,20,0,0,
2078,2042,3,0,2200,270,20,0,0,
2078,2042,3,0,2200,270,20,0,0,
2078,2041,3,0,2200,270,20,0,0,
2079,2043,3,0,2200,270,20,0,0,
2080,2041,3,0,2200,270,20,0,0,
2079,2041,3,0,2200,270,20,0,0,
2078,2042,3,0,2200,270,20,0,0,
2079,2042,3,0,2200,270,20,0,0,
2079,2041,3,0,2200,270,20,0,0,
2079,2041,3,0,2200,270,20,0,0,
2079,2042,3,0,2200,270,20,0,0,
2080,2042,3,0,2200,270,20,0,0,
2080,2041,3,0,2200,270,20,0,0,
2081,2041,3,0,2200,270,20,0,0,
2081,2040,3,0,2200,270,20,0,0,
2082,2040,3,0,2200,270,20,0,0,
2082,2041,3,0,2200,270,20,0,0,
2080,2043,3,0,2200,270,20,0,0,
2079,2043,3,0,2200,270,20,0,0,
2079,2042,3,0,2200,270,20,0,0,
2081,2043,3,0,2200,270,20,0,0,
2081,2044,3,0,2200,270,20,0,0,
2081,2045,3,0,2200,270,20,0,0,
2082,2044,3,0,2200,270,20,0,0,
2082,2044,3,0,2200,270,20,0,0,
2082,2042,3,0,2200,270,20,0,0,
2083,2043,3,0,2200,270,20,0,0,
2081,2043,3,0,2200,270,20,0,0,
2081,2044,3,0,2200,270,20,0,0,
2080,2043,3,0,2200,270,20,0,0,
2081,2042,3,0,2200,270,20,0,0,
2082,2045,3,0,2200,270,20,0,0,
2082,2046,3,0,2200,270,20,0,0,
2082,2045,3,0,2200,270,20,0,0,
2082,2045,3,0,2200,270,20,0,0,
2082,2043,3,0,2200,270,20,0,0,
2083,2044,3,0,2200,270,20,0,0,
2082,2043,3,0,2200,270,20,0,0,
2082,2043,3,0,2200,270,20,0,0,
2082,2043,3,0,2200,270,20,0,0,
2083,2042,3,0,2200,270,20,0,0,
2082,2043,3,0,2200,270,20,0,0,
2083,2043,3,0,2200,270,20,0,0,
2082,2045,3,0,2200,270,20,0,0,
2083,2043,3,0,2200,270,20,0,0,
2082,2057,3,0,2200,270,20,0,0,
2083,2059,3,0,2200,270,20,0,0,
2082,2060,3,0,2200,270,20,0,0,
2083,2045,3,0,2200,270,20,0,0,
2084,2044,3,0,2200,270,20,0,0,
2084,2044,3,0,2200,270,20,0,0,
2084,2044,3,0,2200,270,20,0,0,
2084,2043,3,0,2200,270,20,0,0,
2085,2044,3,0,2200,270,20,0,0,
2084,2046,3,0,2200,270,20,0,0,
2085,2044,3,0,2200,270,20,0,0,
2084,2044,3,0,2200,270,20,0,0,
2083,2046,3,0,2200,270,20,0,0,
2083,2045,3,0,2200,270,20,0,0,
2084,2044,3,0,2200,270,20,0,0,
2084,2043,3,0,2200,270,20,0,0,
2084,2044,3,0,2200,270,20,0,0,
2084,2045,3,0,2200,270,20,0,0,
2085,2046,3,0,2200,270,20,0,0,
2085,2047,3,0,2200,270,20,0,0,
2086,2045,3,0,2200,270,20,0,0,
2085,2045,3,0,2200,270,20,0,0,
2085,2044,3,0,2200,270,20,0,0,
2085,2044,3,0,2200,270,20,0,0,
2085,2044,3,0,2200,270,20,0,0,
2087,2044,3,0,2200,270,20,0,0,
2085,2043,3,0,2200,270,20,0,0,
2084,2045,3,0,2200,270,20,0,0,
2085,2047,3,0,2200,270,20,0,0,
2085,2049,3,0,2200,270,20,0,0,
2086,2047,3,0,2200,270,20,0,0,
2087,2044,3,0,2200,270,20,0,0,
2087,2045,3,0,2200,270,20,0,0,
2087,2045,3,0,2200,270,20,0,0,
2088,2044,3,0,2200,270,20,0,0,
2089,2046,3,0,2200,270,20,0,0,
2088,2046,3,0,2200,270,20,0,0,
2086,2047,3,0,2200,270,20,0,0,
2087,2046,3,0,2200,270,20,0,0,
2088,2046,3,0,2200,270,20,0,0,
2088,2045,3,0,2200,270,20,0,0,
2087,2044,3,0,2200,270,20,0,0,
2086,2042,3,0,2200,270,20,0,0,
2086,2043,3,0,2200,270,20,0,0,
2088,2046,3,0,2200,270,20,0,0,
2088,2046,3,0,2200,270,20,0,0,
2088,2046,3,0,2200,270,20,0,0,
2088,2044,3,0,2200,270,20,0,0,
2087,2045,3,0,2200,270,20,0,0,
2086,2045,3,0,2200,270,20,0,0,
2088,2044,3,0,2200,270,20,0,0,
2088,2044,3,0,2200,270,20,0,0,
2086,2044,3,0,2200,270,20,0,0,
2085,2046,3,0,2200,270,20,0,0,
2087,2047,3,0,2200,270,20,0,0,
2088,2045,3,0,2200,270,20,0,0,
2089,2046,3,0,2200,270,20,0,0,
2088,2044,3,0,2200,270,20,0,0,
2088,2046,3,0,2200,270,20,0,0,
2086,2045,3,0,2200,270,20,0,0,
2087,2045,3,0,2200,270,20,0,0,
2087,2046,3,0,2200,270,20,0,0,
2089,2046,3,0,2200,270,20,0,0,
2089,2045,3,0,2200,270,20,0,0,
2089,2045,3,0,2200,270,20,0,0,
2090,2045,3,0,2200,270,20,0,0,
2089,2047,3,0,2200,270,20,0,0,
2088,2045,3,0,2200,270,20,0,0,
2088,2045,3,0,2200,270,20,0,0,
2090,2046,3,0,2200,270,20,0,0,
2089,2046,3,0,2200,270,20,0,0,
2089,2047,3,0,2200,270,20,0,0,
2089,2047,3,0,2200,270,20,0,0,
2090,2045,3,0,2200,270,20,0,0,
2089,2044,3,0,2200,270,20,0,0,
2089,2045,3,0,2200,270,20,0,0,
2090,2045,3,0,2200,270,20,0,0,
2089,2046,3,0,2200,270,20,0,0,
2089,2045,3,0,2200,270,20,0,0,
2089,2046,3,0,2200,270,20,0,0,
2091,2046,3,0,2200,270,20,0,0,
2091,2046,3,0,2200,270,20,0,0,
2090,2046,3,0,2200,270,20,0,0,
2091,2045,3,0,2200,270,20,0,0,
2092,2045,3,0,2200,270,20,0,0,
2092,2045,3,0,2200,270,20,0,0,
2093,2045,3,0,2200,270,20,0,0,
2092,2046,3,0,2200,270,20,0,0,
2092,2047,3,0,2200,270,20,0,0,
2092,2047,3,0,2200,270,20,0,0,
2091,2046,3,0,2200,270,20,0,0,
2091,2047,3,0,2200,270,20,0,0,
2092,2047,3,0,2200,270,20,0,0,
2091,2049,3,0,2200,270,20,0,0,
2092,2049,3,0,2200,270,20,0,0,
2092,2048,3,0,2200,270,20,0,0,
2093,2048,3,0,2200,270,20,0,0,
2093,2047,3,0,2200,270,20,0,0,
2093,2046,3,0,2200,270,20,0,0,
2092,2046,3,0,2200,270,20,0,0,
2092,2048,3,0,2200,270,20,0,0,
2092,2050,3,0,2200,270,20,0,0,
2092,2049,3,0,2200,270,20,0,0,
2092,2051,3,0,2200,270,20,0,0,
2091,2050,3,0,2200,270,20,0,0,
2091,2048,3,0,2200,270,20,0,0,
2091,2049,3,0,2200,270,20,0,0,
2092,2050,3,0,2200,270,20,0,0,
2093,2048,3,0,2200,270,20,0,0,
2094,2047,3,0,2200,270,20,0,0,
2094,2046,3,0,2200,270,20,0,0,
2093,2047,3,0,2200,270,20,0,0,
2094,2046,3,0,2200,270,20,0,0,
2094,2045,3,0,2200,270,20,0,0,
2093,2047,3,0,2200,270,20,0,0,
2092,2048,3,0,2200,270,20,0,0,
2092,2048,3,0,2200,270,20,0,0,
2094,2048,3,0,2200,270,20,0,0,
2095,2047,3,0,2200,270,20,0,0,
2094,2046,3,0,2200,270,20,0,0,
2094,2049,3,0,2200,270,20,0,0,
2093,2048,3,0,2200,270,20,0,0,
2092,2049,3,0,2200,270,20,0,0,
2092,2049,3,0,2200,270,20,0,0,
2092,2048,3,0,2200,270,20,0,0,
2092,2048,3,0,2200,270,20,0,0,
2093,2047,3,0,2200,270,20,0,0,
2093,2048,3,0,2200,270,20,0,0,
2095,2050,3,0,2200,270,20,0,0,
2096,2049,3,0,2200,270,20,0,0,
2094,2049,3,0,2200,270,20,0,0,
2093,2048,3,0,2200,270,20,0,0,
2094,2046,3,0,2200,270,20,0,0,
2095,2045,3,0,2200,270,20,0,0,
2095,2048,3,0,2200,270,20,0,0,
2094,2049,3,0,2200,270,20,0,0,
2093,2049,3,0,2200,270,20,0,0,
2094,2048,3,0,2200,270,20,0,0,
2096,2048,3,0,2200,270,20,0,0,
2096,2049,3,0,2200,270,20,0,0,
2095,2050,3,0,2200,270,20,0,0,
2095,2050,3,0,2200,270,20,0,0,
2095,2048,3,0,2200,270,20,0,0,
2088,2048,3,0,2200,270,20,0,0,
2088,2048,3,0,2200,270,20,0,0,
2095,2048,3,0,2200,270,20,0,0,
2094,2048,3,0,2200,270,20,0,0,
2096,2048,3,0,2200,270,20,0,0,
2097,2049,3,0,2200,270,20,0,0,
2098,2049,3,0,2200,270,20,0,0,
2096,2048,3,0,2200,270,20,0,0,
2095,2048,3,0,2200,270,20,0,0,
2096,2050,3,0,2200,270,20,0,0,
2096,2050,3,0,2200,270,20,0,0,
2096,2048,3,0,2200,270,20,0,0,
2097,2047,3,0,2200,270,20,0,0,
2096,2048,3,0,2200,270,20,0,0,
2097,2049,3,0,2200,270,20,0,0,
2096,2049,3,0,2200,270,20,0,0,
2095,2048,3,0,2200,270,20,0,0,
2097,2048,3,0,2200,270,20,0,0,
2097,2048,3,0,2200,270,20,0,0,
2097,2049,3,0,2200,270,20,0,0,
2096,2049,3,0,2200,270,20,0,0,
2096,2048,3,0,2200,270,20,0,0,
2096,2049,3,0,2200,270,20,0,0,
2097,2050,3,0,2200,270,20,0,0,
2098,2051,3,0,2200,270,20,0,0,
2098,2051,3,0,2200,270,20,0,0,
2098,2051,3,0,2200,270,20,0,0,
2097,2050,3,0,2200,270,20,0,0,
2097,2050,3,0,2200,270,20,0,0,
2097,2035,3,0,2200,270,20,0,0,
2098,2034,3,0,2200,270,20,0,0,
2097,2035,3,0,2200,270,20,0,0,
2098,2050,3,0,2200,270,20,0,0,
2099,2050,3,0,2200,270,20,0,0,
2099,2050,3,0,2200,270,20,0,0,
2098,2049,3,0,2200,270,20,0,0,
2099,2049,3,0,2200,270,20,0,0,
2099,2049,3,0,2200,270,20,0,0,
2098,2049,3,0,2200,270,20,0,0,
2099,2050,3,0,2200,270,20,0,0,
2098,2050,3,0,2200,270,20,0,0,
2097,2049,3,0,2200,270,20,0,0,
2097,2050,3,0,2200,270,20,0,0,
2098,2052,3,0,2200,270,20,0,0,
2099,2051,3,0,2200,270,20,0,0,
2099,2049,3,0,2200,270,20,0,0,
2099,2051,3,0,2200,270,20,0,0,
2098,2051,3,0,2200,270,20,0,0,
2098,2051,3,0,2200,270,20,0,0,
2108,2051,2,0,2200,270,20,0,0,
2109,2050,2,0,2200,270,20,0,0,
2099,2051,3,0,2200,270,20,0,0,
2099,2050,3,0,2200,270,20,0,0,
2099,2050,3,0,2200,270,20,0,0,
2099,2049,3,0,2200,270,20,0,0,
2099,2049,3,0,2200,270,20,0,0,
2098,2051,3,0,2200,270,20,0,0,
2098,2050,3,0,2200,270,20,0,0,
2098,2049,3,0,2200,270,20,0,0,
2100,2049,3,0,2200,270,20,0,0,
2100,2049,3,0,2200,270,20,0,0,
2099,2048,3,0,2200,270,20,0,0,
2099,2048,3,0,2200,270,20,0,0,
2099,2050,3,0,2200,270,20,0,0,
2100,2050,3,0,2200,270,20,0,0,
2101,2050,3,0,2200,270,20,0,0,
2101,2050,3,0,2200,270,20,0,0,
2101,2053,3,0,2200,270,20,0,0,
2100,2053,3,0,2200,270,20,0,0,
2100,2052,3,0,2200,270,20,0,0,
2100,2052,3,0,2200,270,20,0,0,
2100,2051,3,0,2200,270,20,0,0,
2100,2051,3,0,2200,270,20,0,0,
2100,2052,3,0,2200,270,20,0,0,
2100,2052,3,0,2200,270,20,0,0,
2101,2052,3,0,2200,270,20,0,0,
2101,2052,3,0,2200,270,20,0,0,
2102,2051,3,0,2200,270,20,0,0,
2101,2048,3,0,2200,270,20,0,0,
2100,2049,3,0,2200,270,20,0,0,
2101,2048,3,0,2200,270,20,0,0,
2101,2049,3,0,2200,270,20,0,0,
2101,2050,3,0,2200,270,20,0,0,
2101,2050,3,0,2200,270,20,0,0,
2102,2050,3,0,2200,270,20,0,0,
2102,2050,2,0,2200,270,20,0,0,
2102,2050,2,0,2200,270,20,0,0,
2100,2049,3,0,2200,270,20,0,0,
2101,2052,3,0,2200,270,20,0,0,
2102,2052,3,0,2200,270,20,0,0,
2102,2051,2,0,2200,270,20,0,0,
2102,2051,2,0,2200,270,20,0,0,
2102,2050,2,0,2200,270,20,0,0,
2101,2051,2,0,2200,270,20,0,0,
2101,2051,2,0,2200,270,20,0,0,
2100,2054,3,0,2200,270,20,0,0,
2101,2053,3,0,2200,270,20,0,0,
2102,2053,3,0,2200,270,20,0,0,
2102,2054,3,0,2200,270,20,0,0,
2102,2053,3,0,2200,270,20,0,0,
2102,2053,2,0,2200,270,20,0,0,
2102,2053,2,0,2200,270,20,0,0,
2103,2052,2,0,2200,270,20,0,0,
2102,2053,2,0,2200,270,20,0,0,
2103,2052,2,0,2200,270,20,0,0,
2103,2053,2,0,2200,270,20,0,0,
2103,2052,2,0,2200,270,20,0,0,
2102,2052,2,0,2200,270,20,0,0,
2102,2052,2,0,2200,270,20,0,0,
2101,2052,2,0,2200,270,20,0,0,
2102,2052,2,0,2200,270,20,0,0,
2104,2053,2,0,2200,270,20,0,0,
2103,2052,2,0,2200,270,20,0,0,
2104,2052,2,0,2200,270,20,0,0,
2104,2052,2,0,2200,270,20,0,0,
2103,2054,2,0,2200,270,20,0,0,
2102,2052,2,0,2200,270,20,0,0,
2102,2054,2,0,2200,270,20,0,0,
2104,2052,2,0,2200,270,20,0,0,
2104,2053,2,0,2200,270,20,0,0,
2104,2053,2,0,2200,270,20,0,0,
2104,2053,2,0,2200,270,20,0,0,
2103,2054,2,0,2200,270,20,0,0,
2103,2053,2,0,2200,270,20,0,0,
2104,2054,2,0,2200,270,20,0,0,
2103,2054,2,0,2200,270,20,0,0,
2103,2052,2,0,2200,270,20,0,0,
2103,2053,2,0,2200,270,20,0,0,
2105,2054,2,0,2200,270,20,0,0,
2104,2054,2,0,2200,270,20,0,0,
2105,2052,2,0,2200,270,20,0,0,
2104,2053,2,0,2200,270,20,0,0,
2104,2054,2,0,2200,270,20,0,0,
2104,2054,2,0,2200,270,20,0,0,
2104,2054,2,0,2200,270,20,0,0,
2105,2054,2,0,2200,270,20,0,0,
2105,2054,2,0,2200,270,20,0,0,
2104,2053,2,0,2200,270,20,0,0,
2103,2054,2,0,2200,270,20,0,0,
2103,2054,2,0,2200,270,20,0,0,
2104,2053,2,0,2200,270,20,0,0,
2105,2053,2,0,2200,270,20,0,0,
2105,2053,2,0,2200,270,20,0,0,
2104,2053,2,0,2200,270,20,0,0,
2103,2053,2,0,2200,270,20,0,0,
2103,2052,2,0,2200,270,20,0,0,
2104,2053,2,0,2200,270,20,0,0,
2104,2085,2,0,2200,270,20,0,0,
2105,2085,2,0,2200,270,20,0,0,
2104,2085,2,0,2200,270,20,0,0,
2103,2054,2,0,2200,270,20,0,0,
2103,2053,2,0,2200,270,20,0,0,
2100,2053,2,0,2200,270,20,0,0,
2100,2053,2,0,2200,270,20,0,0,
2101,2054,3,0,2200,270,20,0,0,
2105,2055,3,0,2200,270,20,0,0,
2105,2054,2,0,2200,270,20,0,0,
2106,2054,2,0,2200,270,20,0,0,
2106,2055,2,0,2200,270,20,0,0,
2106,2054,2,0,2200,270,20,0,0,
2105,2054,2,0,2200,270,20,0,0,
2105,2055,2,0,2200,270,20,0,0,
2104,2055,2,0,2200,270,20,0,0,
2105,2054,2,0,2200,270,20,0,0,
2106,2054,2,0,2200,270,20,0,0,
2107,2055,2,0,2200,270,20,0,0,
2107,2054,2,0,2200,270,20,0,0,
2108,2054,2,0,2200,270,20,0,0,
2106,2054,2,0,2200,270,20,0,0,
2105,2053,2,0,2200,270,20,0,0,
2106,2054,2,0,2200,270,20,0,0,
2108,2052,2,0,2200,270,20,0,0,
2108,2053,2,0,2200,270,20,0,0,
2108,2053,2,0,2200,270,20,0,0,
2107,2052,2,0,2200,270,20,0,0,
2106,2052,2,0,2200,270,20,0,0,
2106,2054,2,0,2200,270,20,0,0,
2105,2054,2,0,2200,270,20,0,0,
2106,2056,2,0,2200,270,20,0,0,
2107,2055,2,0,2200,270,20,0,0,
2106,2055,2,0,2200,270,20,0,0,
2107,2055,2,0,2200,270,20,0,0,
2107,2055,2,0,2200,270,20,0,0,
2108,2053,2,0,2200,270,20,0,0,
2108,2054,2,0,2200,270,20,0,0,
2106,2054,2,0,2200,270,20,0,0,
2106,2055,2,0,2200,270,20,0,0,
2105,2055,2,0,2200,270,20,0,0,
2106,2055,2,0,2200,270,20,0,0,
2106,2055,2,0,2200,270,20,0,0,
2106,2053,2,0,2200,270,20,0,0,
2106,2053,2,0,2200,270,20,0,0,
2107,2053,2,0,2200,270,20,0,0,
2107,2053,2,0,2200,270,20,0,0,
2108,2055,2,0,2200,270,20,0,0,
2108,2055,2,0,2200,270,20,0,0,
2107,2056,2,0,2200,270,20,0,0,
2107,2055,2,0,2200,270,20,0,0,
2106,2053,2,0,2200,270,20,0,0,
2107,2054,2,0,2200,270,20,0,0,
2108,2055,2,0,2200,270,20,0,0,
2105,2055,2,0,2200,270,20,0,0,
2105,2054,2,0,2200,270,20,0,0,
2107,2054,2,0,2200,270,20,0,0,
2107,2054,2,0,2200,270,20,0,0,
2108,2053,2,0,2200,270,20,0,0,
2108,2056,2,0,2200,270,20,0,0,
2107,2056,2,0,2200,270,20,0,0,
2107,2056,2,0,2200,270,20,0,0,
2106,2055,2,0,2200,270,20,0,0,
2108,2056,2,0,2200,270,20,0,0,
2106,2055,2,0,2200,270,20,0,0,
2107,2055,2,0,2200,270,20,0,0,
2106,2054,2,0,2200,270,20,0,0,
2108,2055,2,0,2200,270,20,0,0,
2108,2055,2,0,2200,270,20,0,0,
2109,2056,2,0,2200,270,20,0,0,
2109,2055,2,0,2200,270,20,0,0,
2109,2055,2,0,2200,270,20,0,0,
2110,2055,2,0,2200,270,20,0,0,
2109,2056,2,0,2200,270,20,0,0,
2109,2055,2,0,2200,270,20,0,0,
2107,2055,2,0,2200,270,20,0,0,
2107,2055,2,0,2200,270,20,0,0,
2108,2055,2,0,2200,270,20,0,0,
2108,2053,2,0,2200,270,20,0,0,
2109,2054,2,0,2200,270,20,0,0,
2108,2054,2,0,2200,270,20,0,0,
2108,2056,2,0,2200,270,20,0,0,
2109,2056,2,0,2200,270,20,0,0,
2108,2057,2,0,2200,270,20,0,0,
2109,2057,2,0,2200,270,20,0,0,
2108,2057,2,0,2200,270,20,0,0,
2108,2057,2,0,2200,270,20,0,0,
2107,2056,2,0,2200,270,20,0,0,
2107,2055,2,0,2200,270,20,0,0,
2109,2055,2,0,2200,270,20,0,0,
2109,2055,2,0,2200,270,20,0,0,
2109,2055,2,0,2200,270,20,0,0,
2109,2055,2,0,2200,270,20,0,0,
2109,2056,2,0,2200,270,20,0,0,
2110,2056,2,0,2200,270,20,0,0,
2109,2058,2,0,2200,270,20,0,0,
2109,2058,2,0,2200,270,20,0,0,
2109,2058,2,0,2200,270,20,0,0,
2109,2057,2,0,2200,270,20,0,0,
2108,2056,2,0,2200,270,20,0,0,
2109,2056,2,0,2200,270,20,0,0,
2110,2056,2,0,2200,270,20,0,0,
2110,2057,2,0,2200,270,20,0,0,
2108,2056,2,0,2200,270,20,0,0,
2107,2056,2,0,2200,270,20,0,0,
2110,2055,2,0,2200,270,20,0,0,
2110,2056,2,0,2200,270,20,0,0,
2110,2057,2,0,2200,270,20,0,0,
2111,2056,2,0,2200,270,20,0,0,
2111,2056,2,0,2200,270,20,0,0,
2111,2056,2,0,2200,270,20,0,0,
2111,2058,2,0,2200,270,20,0,0,
2111,2057,2,0,2200,270,20,0,0,
2109,2057,2,0,2200,270,20,0,0,
2110,2056,2,0,2200,270,20,0,0,
2110,2055,2,0,2200,270,20,0,0,
2111,2056,2,0,2200,270,20,0,0,
2110,2058,2,0,2200,270,20,0,0,
2111,2056,2,0,2200,270,20,0,0,
2111,2055,2,0,2200,270,20,0,0,
2111,2054,2,0,2200,270,20,0,0,
2111,2055,2,0,2200,270,20,0,0,
2111,2056,2,0,2200,270,20,0,0,
2110,2058,2,0,2200,270,20,0,0,
2110,2059,2,0,2200,270,20,0,0,
2109,2058,2,0,2200,270,20,0,0,
2110,2056,2,0,2200,270,20,0,0,
2112,2056,2,0,2200,270,20,0,0,
2110,2057,2,0,2200,270,20,0,0,
2109,2055,2,0,2200,270,20,0,0,
2111,2058,2,0,2200,270,20,0,0,
2111,2058,2,0,2200,270,20,0,0,
2109,2057,2,0,2200,270,20,0,0,
2110,2057,2,0,2200,270,20,0,0,
2109,2058,2,0,2200,270,20,0,0,
2110,2058,2,0,2200,270,20,0,0,
2110,2058,2,0,2200,270,20,0,0,
2111,2057,2,0,2200,270,20,0,0,
2112,2057,2,0,2200,270,20,0,0,
2111,2059,2,0,2200,270,20,0,0,
2111,2059,2,0,2200,270,20,0,0,
2112,2057,2,0,2200,270,20,0,0,
2112,2056,2,0,2200,270,20,0,0,
2113,2056,2,0,2200,270,20,0,0,
2112,2056,2,0,2200,270,20,0,0,
2111,2055,2,0,2200,270,20,0,0,
2110,2056,2,0,2200,270,20,0,0,
2111,2057,2,0,2200,270,20,0,0,
2112,2058,2,0,2200,270,20,0,0,
2110,2058,2,0,2200,270,20,0,0,
2112,2059,2,0,2200,270,20,0,0,
2110,2058,2,0,2200,270,20,0,0,
2112,2060,2,0,2200,270,20,0,0,
2112,2057,2,0,2200,270,20,0,0,
2114,2057,2,0,2200,270,20,0,0,
2114,2057,2,0,2200,270,20,0,0,
2112,2059,2,0,2200,270,20,0,0,
2112,2059,2,0,2200,270,20,0,0,
2111,2058,2,0,2200,270,20,0,0,
2112,2057,2,0,2200,270,20,0,0,
2113,2057,2,0,2200,270,20,0,0,
2113,2056,2,0,2200,270,20,0,0,
2113,2058,2,0,2200,270,20,0,0,
2113,2058,2,0,2200,270,20,0,0,
2113,2058,2,0,2200,270,20,0,0,
2112,2058,2,0,2200,270,20,0,0,
2112,2057,2,0,2200,270,20,0,0,
2112,2057,2,0,2200,270,20,0,0,
2112,2057,2,0,2200,270,20,0,0,
2112,2060,2,0,2200,270,20,0,0,
2112,2061,2,0,2200,270,20,0,0,
2112,2060,2,0,2200,270,20,0,0,
2112,2058,2,0,2200,270,20,0,0,
2113,2057,2,0,2200,270,20,0,0,
2113,2057,2,0,2200,270,20,0,0,
2113,2059,2,0,2200,270,20,0,0,
2114,2057,2,0,2200,270,20,0,0,
2112,2058,2,0,2200,270,20,0,0,
2111,2058,2,0,2200,270,20,0,0,
2112,2060,2,0,2200,270,20,0,0,
2114,2059,2,0,2200,270,20,0,0,
2114,2058,2,0,2200,270,20,0,0,
2114,2057,2,0,2200,270,20,0,0,
2113,2059,2,0,2200,270,20,0,0,
2112,2060,2,0,2200,270,20,0,0,
2112,2059,2,0,2200,270,20,0,0,
2111,2058,2,0,2200,270,20,0,0,
2112,2057,2,0,2200,270,20,0,0,
2113,2059,2,0,2200,270,20,0,0,
2113,2060,2,0,2200,270,20,0,0,
2112,2059,2,0,2200,270,20,0,0,
2116,2058,2,0,2200,270,20,0,0,
2117,2057,2,0,2200,270,20,0,0,
2116,2058,2,0,2200,270,20,0,0,
2113,2058,2,0,2200,270,20,0,0,
2113,2057,2,0,2200,270,20,0,0,
2113,2057,2,0,2200,270,20,0,0,
2113,2058,2,0,2200,270,20,0,0,
2114,2058,2,0,2200,270,20,0,0,
2114,2058,2,0,2200,270,20,0,0,
2114,2057,2,0,2200,270,20,0,0,
2113,2059,2,0,2200,270,20,0,0,
2113,2060,2,0,2200,270,20,0,0,
2112,2060,2,0,2200,270,20,0,0,
2112,2060,2,0,2200,270,20,0,0,
2112,2061,2,0,2200,270,20,0,0,
2113,2062,2,0,2200,270,20,0,0,
2113,2061,2,0,2200,270,20,0,0,
2113,2060,2,0,2200,270,20,0,0,
2114,2060,2,0,2200,270,20,0,0,
2115,2062,2,0,2200,270,20,0,0,
2114,2060,2,0,2200,270,20,0,0,
2114,2059,2,0,2200,270,20,0,0,
2114,2059,2,0,2200,270,20,0,0,
2114,2061,2,0,2200,270,20,0,0,
2113,2062,2,0,2200,270,20,0,0,
2114,2061,2,0,2200,270,20,0,0,
2114,2058,2,0,2200,270,20,0,0,
2115,2058,2,0,2200,270,20,0,0,
2114,2060,2,0,2200,270,20,0,0,
2114,2062,2,0,2200,270,20,0,0,
2113,2060,2,0,2200,270,20,0,0,
2113,2062,2,0,2200,270,20,0,0,
2113,2061,2,0,2200,270,20,0,0,
2113,2061,2,0,2200,270,20,0,0,
2114,2060,2,0,2200,270,20,0,0,
2113,2059,2,0,2200,270,20,0,0,
2114,2060,2,0,2200,270,20,0,0,
2114,2059,2,0,2200,270,20,0,0,
2113,2059,2,0,2200,270,20,0,0,
2113,2058,2,0,2200,270,20,0,0,
2114,2058,2,0,2200,270,20,0,0,
2116,2060,2,0,2200,270,20,0,0,
2116,2059,2,0,2200,270,20,0,0,
2115,2060,2,0,2200,270,20,0,0,
2115,2059,2,0,2200,270,20,0,0,
2115,2060,2,0,2200,270,20,0,0,
2115,2059,2,0,2200,270,20,0,0,
2115,2059,2,0,2200,270,20,0,0,
2114,2060,2,0,2200,270,20,0,0,
2114,2059,2,0,2200,270,20,0,0,
2114,2059,2,0,2200,270,20,0,0,
2113,2061,2,0,2200,270,20,0,0,
2114,2061,2,0,2200,270,20,0,0,
2115,2060,2,0,2200,270,20,0,0,
2115,2060,2,0,2200,270,20,0,0,
2116,2060,2,0,2200,270,20,0,0,
2116,2061,2,0,2200,270,20,0,0,
2116,2061,2,0,2200,270,20,0,0,
2115,2061,2,0,2200,270,20,0,0,
2116,2061,2,0,2200,270,20,0,0,
2117,2060,2,0,2200,270,20,0,0,
2117,2060,2,0,2200,270,20,0,0,
2115,2060,2,0,2200,270,20,0,0,
2114,2061,2,0,2200,270,20,0,0,
2114,2063,2,0,2200,270,20,0,0,
2116,2062,2,0,2200,270,20,0,0,
2115,2060,2,0,2200,270,20,0,0,
2116,2059,2,0,2200,270,20,0,0,
2117,2061,2,0,2200,270,20,0,0,
2117,2061,2,0,2200,270,20,0,0,
2116,2061,2,0,2200,270,20,0,0,
2116,2061,2,0,2200,270,20,0,0,
2117,2061,2,0,2200,270,20,0,0,
2116,2060,2,0,2200,270,20,0,0,
2116,2061,2,0,2200,270,20,0,0,
2116,2061,2,0,2200,270,20,0,0,
2115,2060,2,0,2200,270,20,0,0,
2114,2060,2,0,2200,270,20,0,0,
2114,2062,2,0,2200,270,20,0,0,
2115,2060,2,0,2200,270,20,0,0,
2114,2061,2,0,2200,270,20,0,0,
2115,2061,2,0,2200,270,20,0,0,
2115,2061,2,0,2200,270,20,0,0,
2117,2061,2,0,2200,270,20,0,0,
2116,2060,2,0,2200,270,20,0,0,
2116,2059,2,0,2200,270,20,0,0,
2116,2059,2,0,2200,270,20,0,0,
2115,2059,2,0,2200,270,20,0,0,
2115,2059,2,0,2200,270,20,0,0,
2116,2060,2,0,2200,270,20,0,0,
2115,2061,2,0,2200,270,20,0,0,
2116,2061,2,0,2200,270,20,0,0,
2116,2060,2,0,2200,270,20,0,0,
2117,2058,2,0,2200,270,20,0,0,
2117,2060,2,0,2200,270,20,0,0,
2116,2061,2,0,2200,270,20,0,0,
2116,2059,2,0,2200,270,20,0,0,
2116,2060,2,0,2200,270,20,0,0,
2116,2061,2,0,2200,270,20,0,0,
2116,2068,2,0,2200,270,20,0,0,
2116,2067,2,0,2200,270,20,0,0,
2116,2060,2,0,2200,270,20,0,0,
2117,2061,2,0,2200,270,20,0,0,
2117,2061,2,0,2200,270,20,0,0,
2116,2061,2,0,2200,270,20,0,0,
2118,2060,2,0,2200,270,20,0,0,
2118,2059,2,0,2200,270,20,0,0,
2118,2059,2,0,2200,270,20,0,0,
2117,2060,2,0,2200,270,20,0,0,
2117,2061,2,0,2200,270,20,0,0,
2117,2062,2,0,2200,270,20,0,0,
2118,2063,2,0,2200,270,20,0,0,
2117,2061,2,0,2200,270,20,0,0,
2116,2061,2,0,2200,270,20,0,0,
2116,2062,2,0,2200,270,20,0,0,
2116,2062,2,0,2200,270,20,0,0,
2116,2063,2,0,2200,270,20,0,0,
2117,2062,2,0,2200,270,20,0,0,
2118,2061,2,0,2200,270,20,0,0,
2118,2060,2,0,2200,270,20,0,0,
2116,2059,2,0,2200,270,20,0,0,
2116,2059,2,0,2200,270,20,0,0,
2115,2061,2,0,2200,270,20,0,0,
2116,2060,2,0,2200,270,20,0,0,
2116,2060,2,0,2200,270,20,0,0,
2116,2061,2,0,2200,270,20,0,0,
2116,2062,2,0,2200,270,20,0,0,
2118,2062,2,0,2200,270,20,0,0,
2119,2062,2,0,2200,270,20,0,0,
2119,2060,2,0,2200,270,20,0,0,
2118,2060,2,0,2200,270,20,0,0,
2118,2062,2,0,2200,270,20,0,0,
2117,2063,2,0,2200,270,20,0,0,
2117,2063,2,0,2200,270,20,0,0,
2117,2062,2,0,2200,270,20,0,0,
2117,2062,2,0,2200,270,20,0,0,
2117,2062,2,0,2200,270,20,0,0,
2117,2062,2,0,2200,270,20,0,0,
2118,2061,2,0,2200,270,20,0,0,
2117,2063,2,0,2200,270,20,0,0,
2116,2064,2,0,2200,270,20,0,0,
2117,2063,2,0,2200,270,20,0,0,
2117,2061,2,0,2200,270,20,0,0,
2117,2062,2,0,2200,270,20,0,0,
2116,2062,2,0,2200,270,20,0,0,
2117,2063,2,0,2200,270,20,0,0,
2117,2064,2,0,2200,270,20,0,0,
2117,2063,2,0,2200,270,20,0,0,
2119,2055,2,0,2200,270,20,0,0,
2119,2055,2,0,2200,270,20,0,0,
2119,2064,2,0,2200,270,20,0,0,
2120,2062,2,0,2200,270,20,0,0,
2119,2061,2,0,2200,270,20,0,0,
2119,2061,2,0,2200,270,20,0,0,
2118,2061,2,0,2200,270,20,0,0,
2119,2061,2,0,2200,270,20,0,0,
2117,2062,2,0,2200,270,20,0,0,
2117,2063,2,0,2200,270,20,0,0,
2117,2064,2,0,2200,270,20,0,0,
2117,2065,2,0,2200,270,20,0,0,
2118,2063,2,0,2200,270,20,0,0,
2118,2061,2,0,2200,270,20,0,0,
2118,2061,2,0,2200,270,20,0,0,
2118,2061,2,0,2200,270,20,0,0,
2119,2061,2,0,2200,270,20,0,0,
2119,2062,2,0,2200,270,20,0,0,
2119,2062,2,0,2200,270,20,0,0,
2117,2065,2,0,2200,270,20,0,0,
2117,2064,2,0,2200,270,20,0,0,
2119,2064,2,0,2200,270,20,0,0,
2120,2063,2,0,2200,270,20,0,0,
2118,2064,2,0,2200,270,20,0,0,
2118,2064,2,0,2200,270,20,0,0,
2119,2063,2,0,2200,270,20,0,0,
2118,2063,2,0,2200,270,20,0,0,
2119,2063,2,0,2200,270,20,0,0,
2119,2065,2,0,2200,270,20,0,0,
2119,2064,2,0,2200,270,20,0,0,
2118,2064,2,0,2200,270,20,0,0,
2117,2064,2,0,2200,270,20,0,0,
2118,2063,2,0,2200,270,20,0,0,
2118,2063,2,0,2200,270,20,0,0,
2118,2063,2,0,2200,270,20,0,0,
2117,2063,2,0,2200,270,20,0,0,
2118,2062,2,0,2200,270,20,0,0,
2118,2063,2,0,2200,270,20,0,0,
2118,2062,2,0,2200,270,20,0,0,
2117,2063,2,0,2200,270,20,0,0,
2118,2063,2,0,2200,270,20,0,0,
2118,2062,2,0,2200,270,20,0,0,
2118,2061,2,0,2200,270,20,0,0,
2118,2062,2,0,2200,270,20,0,0,
2119,2061,2,0,2200,270,20,0,0,
2118,2063,2,0,2200,270,20,0,0,
2119,2064,2,0,2200,270,20,0,0,
2117,2064,2,0,2200,270,20,0,0,
2118,2065,2,0,2200,270,20,0,0,
2119,2064,2,0,2200,270,20,0,0,
2119,2064,2,0,2200,270,20,0,0,
2120,2064,2,0,2200,270,20,0,0,
2119,2062,2,0,2200,270,20,0,0,
2118,2061,2,0,2200,270,20,0,0,
2117,2062,2,0,2200,270,20,0,0,
2119,2062,2,0,2200,270,20,0,0,
2120,2063,2,0,2200,270,20,0,0,
2120,2063,2,0,2200,270,20,0,0,
2120,2065,2,0,2200,270,20,0,0,
2119,2064,2,0,2200,270,20,0,0,
2121,2063,2,0,2200,270,20,0,0,
2119,2063,2,0,2200,270,20,0,0,
2120,2064,2,0,2200,270,20,0,0,
2118,2065,2,0,2200,270,20,0,0,
2118,2065,2,0,2200,270,20,0,0,
2118,2064,2,0,2200,270,20,0,0,
2119,2063,2,0,2200,270,20,0,0,
2120,2063,2,0,2200,270,20,0,0,
2120,2061,2,0,2200,270,20,0,0,
2120,2063,2,0,2200,270,20,0,0,
2120,2064,2,0,2200,270,20,0,0,
2119,2064,2,0,2200,270,20,0,0,
2119,2065,2,0,2200,270,20,0,0,
2119,2065,2,0,2200,270,20,0,0,
2120,2065,2,0,2200,270,20,0,0,
2120,2065,2,0,2200,270,20,0,0,
2120,2066,2,0,2200,270,20,0,0,
2120,2065,2,0,2200,270,20,0,0,
2120,2065,2,0,2200,270,20,0,0,
2119,2063,2,0,2200,270,20,0,0,
2120,2064,2,0,2200,270,20,0,0,
2118,2064,2,0,2200,270,20,0,0,
2119,2066,2,0,2200,270,20,0,0,
2118,2065,2,0,2200,270,20,0,0,
2119,2064,2,0,2200,270,20,0,0,
2121,2063,2,0,2200,270,20,0,0,
2122,2063,2,0,2200,270,20,0,0,
2119,2063,2,0,2200,270,20,0,0,
2119,2064,2,0,2200,270,20,0,0,
2120,2065,2,0,2200,270,20,0,0,
2121,2064,2,0,2200,270,20,0,0,
2120,2063,2,0,2200,270,20,0,0,
2119,2063,2,0,2200,270,20,0,0,
2119,2063,2,0,2200,270,20,0,0,
2118,2064,2,0,2200,270,20,0,0,
2120,2063,2,0,2200,270,20,0,0,
2120,2064,2,0,2200,270,20,0,0,
2121,2064,2,0,2200,270,20,0,0,
2121,2064,2,0,2200,270,20,0,0,
2121,2064,2,0,2200,270,20,0,0,
2122,2064,2,0,2200,270,20,0,0,
2120,2063,2,0,2200,270,20,0,0,
2120,2063,2,0,2200,270,20,0,0,
2120,2063,2,0,2200,270,20,0,0,
2120,2064,2,0,2200,270,20,0,0,
2120,2064,2,0,2200,270,20,0,0,
2121,2065,2,0,2200,270,20,0,0,
2120,2063,2,0,2200,270,20,0,0,
2121,2064,2,0,2200,270,20,0,0,
2120,2064,2,0,2200,270,20,0,0,
2122,2065,2,0,2200,270,20,0,0,
2120,2063,2,0,2200,270,20,0,0,
2120,2064,2,0,2200,270,20,0,0,
2120,2064,2,0,2200,270,20,0,0,
2120,2065,2,0,2200,270,20,0,0,
2120,2065,2,0,2200,270,20,0,0,
2119,2065,2,0,2200,270,20,0,0,
2119,2065,2,0,2200,270,20,0,0,
2119,2065,2,0,2200,270,20,0,0,
2120,2064,2,0,2200,270,20,0,0,
2121,2064,2,0,2200,270,20,0,0,
2122,2064,2,0,2200,270,20,0,0,
2121,2065,2,0,2200,270,20,0,0,
2097,2063,3,0,2200,270,20,0,0,
2097,2064,3,0,2200,270,20,0,0,
2121,2063,3,0,2200,270,20,0,0,
2121,2063,2,0,2200,270,20,0,0,
2120,2061,2,0,2200,270,20,0,0,
2121,2063,2,0,2200,270,20,0,0,
2120,2064,2,0,2200,270,20,0,0,
2121,2065,2,0,2200,270,20,0,0,
2121,2064,2,0,2200,270,20,0,0,
2121,2063,2,0,2200,270,20,0,0,
2122,2063,2,0,2200,270,20,0,0,
2121,2062,2,0,2200,270,20,0,0,
2121,2063,2,0,2200,270,20,0,0,
2121,2064,2,0,2200,270,20,0,0,
2121,2064,2,0,2200,270,20,0,0,
2122,2063,2,0,2200,270,20,0,0,
2121,2064,2,0,2200,270,20,0,0,
2120,2065,2,0,2200,270,20,0,0,
2119,2065,2,0,2200,270,20,0,0,
2122,2066,2,0,2200,270,20,0,0,
2122,2066,2,0,2200,270,20,0,0,
2123,2065,2,0,2200,270,20,0,0,
2121,2064,2,0,2200,270,20,0,0,
2122,2064,2,0,2200,270,20,0,0,
2120,2063,2,0,2200,270,20,0,0,
2120,2063,2,0,2200,270,20,0,0,
2121,2063,2,0,2200,270,20,0,0,
2122,2065,2,0,2200,270,20,0,0,
2122,2064,2,0,2200,270,20,0,0,
2122,2062,2,0,2200,270,20,0,0,
2121,2064,2,0,2200,270,20,0,0,
2121,2064,2,0,2200,270,20,0,0,
2121,2066,2,0,2200,270,20,0,0,
2121,2065,2,0,2200,270,20,0,0,
2121,2065,2,0,2200,270,20,0,0,
2121,2064,2,0,2200,270,20,0,0,
2121,2063,2,0,2200,270,20,0,0,
2121,2064,2,0,2200,270,20,0,0,
2121,2065,2,0,2200,270,20,0,0,
2120,2065,2,0,2200,270,20,0,0,
2121,2065,2,0,2200,270,20,0,0,
2121,2065,2,0,2200,270,20,0,0,
2122,2067,2,0,2200,270,20,0,0,
2122,2067,2,0,2200,270,20,0,0,
2122,2066,2,0,2200,270,20,0,0,
2121,2066,2,0,2200,270,20,0,0,
2121,2067,2,0,2200,270,20,0,0,
2122,2068,2,0,2200,270,20,0,0,
2122,2067,2,0,2200,270,20,0,0,
2121,2063,2,0,2200,270,20,0,0,
2119,2062,2,0,2200,270,20,0,0,
2121,2062,2,0,2200,270,20,0,0,
2122,2065,2,0,2200,270,20,0,0,
2123,2065,2,0,2200,270,20,0,0,
2121,2064,2,0,2200,270,20,0,0,
2120,2065,2,0,2200,270,20,0,0,
2121,2065,2,0,2200,270,20,0,0,
2121,2065,2,0,2200,270,20,0,0,
2121,2065,2,0,2200,270,20,0,0,
2121,2065,2,0,2200,270,20,0,0,
2121,2063,2,0,2200,270,20,0,0,
2122,2065,2,0,2200,270,20,0,0,
2122,2065,2,0,2200,270,20,0,0,
2123,2066,2,0,2200,270,20,0,0,
2122,2063,2,0,2200,270,20,0,0,
2122,2063,2,0,2200,270,20,0,0,
2121,2065,2,0,2200,270,20,0,0,
2122,2066,2,0,2200,270,20,0,0,
2121,2066,2,0,2200,270,20,0,0,
2121,2067,2,0,2200,270,20,0,0,
2120,2066,2,0,2200,270,20,0,0,
2121,2066,2,0,2200,270,20,0,0,
2120,2066,2,0,2200,270,20,0,0,
2121,2066,2,0,2200,270,20,0,0,
2121,2064,2,0,2200,270,20,0,0,
2122,2064,2,0,2200,270,20,0,0,
2121,2066,2,0,2200,270,20,0,0,
2121,2066,2,0,2200,270,20,0,0,
2120,2065,2,0,2200,270,20,0,0,
2121,2065,2,0,2200,270,20,0,0,
2121,2068,2,0,2200,270,20,0,0,
2122,2066,2,0,2200,270,20,0,0,
2123,2065,2,0,2200,270,20,0,0,
2123,2063,2,0,2200,270,20,0,0,
2123,2064,2,0,2200,270,20,0,0,
2121,2065,2,0,2200,270,20,0,0,
2120,2065,2,0,2200,270,20,0,0,
2120,2067,2,0,2200,270,20,0,0,
2122,2066,2,0,2200,270,20,0,0,
2122,2065,2,0,2200,270,20,0,0,
2122,2064,2,0,2200,270,20,0,0,
2122,2066,2,0,2200,270,20,0,0,
2122,2066,2,0,2200,270,20,0,0,
2123,2067,2,0,2200,270,20,0,0,
2122,2066,2,0,2200,270,20,0,0,
2121,2065,2,0,2200,270,20,0,0,
2121,2064,2,0,2200,270,20,0,0,
2120,2064,2,0,2200,270,20,0,0,
2121,2058,2,0,2200,270,20,0,0,
2121,2060,2,0,2200,270,20,0,0,
2122,2061,2,0,2200,270,20,0,0,
2122,2064,2,0,2200,270,20,0,0,
2122,2064,2,0,2200,270,20,0,0,
2121,2065,2,0,2200,270,20,0,0,
2122,2067,2,0,2200,270,20,0,0,
2122,2066,2,0,2200,270,20,0,0,
2122,2065,2,0,2200,270,20,0,0,
2122,2065,2,0,2200,270,20,0,0,
2121,2065,2,0,2200,270,20,0,0,
2122,2065,2,0,2200,270,20,0,0,
2122,2065,2,0,2200,270,20,0,0,
2121,2066,2,0,2200,270,20,0,0,
2121,2064,2,0,2200,270,20,0,0,
2122,2065,2,0,2200,270,20,0,0,
2122,2066,2,0,2200,270,20,0,0,
2122,2067,2,0,2200,270,20,0,0,
2122,2065,2,0,2200,270,20,0,0,
2121,2066,2,0,2200,270,20,0,0,
2121,2074,2,0,2200,270,20,0,0,
2122,2075,2,0,2200,270,20,0,0,
2123,2069,2,0,2200,270,20,0,0,
2121,2066,2,0,2200,270,20,0,0,
2122,2067,2,0,2200,270,20,0,0,
2122,2067,2,0,2200,270,20,0,0,
2123,2066,2,0,2200,270,20,0,0,
2122,2066,2,0,2200,270,20,0,0,
2123,2065,2,0,2200,270,20,0,0,
2122,2064,2,0,2200,270,20,0,0,
2122,2065,2,0,2200,270,20,0,0,
2122,2066,2,0,2200,270,20,0,0,
2123,2065,2,0,2200,270,20,0,0,
2123,2065,2,0,2200,270,20,0,0,
2121,2065,2,0,2200,270,20,0,0,
2122,2067,2,0,2200,270,20,0,0,
2122,2066,2,0,2200,270,20,0,0,
2124,2065,2,0,2200,270,20,0,0,
2122,2064,2,0,2200,270,20,0,0,
2122,2066,2,0,2200,270,20,0,0,
2120,2066,2,0,2200,270,20,0,0,
2120,2065,2,0,2200,270,20,0,0,
2122,2066,2,0,2200,270,20,0,0,
2123,2065,2,0,2200,270,20,0,0,
2122,2064,2,0,2200,270,20,0,0,
2122,2064,2,0,2200,270,20,0,0,
2122,2066,2,0,2200,270,20,0,0,
2122,2067,2,0,2200,270,20,0,0,
2122,2066,2,0,2200,270,20,0,0,
2121,2067,2,0,2200,270,20,0,0,
2121,2066,2,0,2200,270,20,0,0,
2122,2066,2,0,2200,270,20,0,0,
2122,2067,2,0,2200,270,20,0,0,
2121,2068,2,0,2200,270,20,0,0,
2121,2068,2,0,2200,270,20,0,0,
2121,2068,2,0,2200,270,20,0,0,
2121,2067,2,0,2200,270,20,0,0,
2122,2066,2,0,2200,270,20,0,0,
2123,2066,2,0,2200,270,20,0,0,
2123,2067,2,0,2200,270,20,0,0,
2122,2067,2,0,2200,270,20,0,0,
2122,2068,2,0,2200,270,20,0,0,
2122,2069,2,0,2200,270,20,0,0,
2121,2067,2,0,2200,270,20,0,0,
2122,2066,2,0,2200,270,20,0,0,
2123,2067,2,0,2200,270,20,0,0,
2123,2068,2,0,2200,270,20,0,0,
2123,2068,2,0,2200,270,20,0,0,
2123,2068,2,0,2200,270,20,0,0,
2122,2068,2,0,2200,270,20,0,0,
2122,2067,2,0,2200,270,20,0,0,
2122,2066,2,0,2200,270,20,0,0,
2122,2064,2,0,2200,270,20,0,0,
2122,2065,2,0,2200,270,20,0,0,
2123,2066,2,0,2200,270,20,0,0,
2123,2066,2,0,2200,270,20,0,0,
2123,2068,2,0,2200,270,20,0,0,
2122,2067,2,0,2200,270,20,0,0,
2122,2068,2,0,2200,270,20,0,0,
2123,2069,2,0,2200,270,20,0,0,
2123,2068,2,0,2200,270,20,0,0,
2122,2067,2,0,2200,270,20,0,0,
2122,2068,2,0,2200,270,20,0,0,
2121,2067,2,0,2200,270,20,0,0,
2122,2067,2,0,2200,270,20,0,0,
2123,2066,2,0,2200,270,20,0,0,
2124,2066,2,0,2200,270,20,0,0,
2124,2067,2,0,2200,270,20,0,0,
2123,2068,2,0,2200,270,20,0,0,
2123,2068,2,0,2200,270,20,0,0,
2122,2068,2,0,2200,270,20,0,0,
2122,2066,2,0,2200,270,20,0,0,
2123,2065,2,0,2200,270,20,0,0,
2124,2066,2,0,2200,270,20,0,0,
2123,2067,2,0,2200,270,20,0,0,
2123,2067,2,0,2200,270,20,0,0,
2123,2067,2,0,2200,270,20,0,0,
2122,2066,2,0,2200,270,20,0,0,
2123,2066,2,0,2200,270,20,0,0,
2123,2067,2,0,2200,270,20,0,0,
2123,2067,2,0,2200,270,20,0,0,
2124,2067,2,0,2200,270,20,0,0,
2124,2067,2,0,2200,270,20,0,0,
2124,2068,2,0,2200,270,20,0,0,
2124,2067,2,0,2200,270,20,0,0,
2123,2069,2,0,2200,270,20,0,0,
2123,2069,2,0,2200,270,20,0,0,
2124,2069,2,0,2200,270,20,0,0,
2123,2068,2,0,2200,270,20,0,0,
2121,2067,2,0,2200,270,20,0,0,
2122,2068,2,0,2200,270,20,0,0,
2123,2065,2,0,2200,270,20,0,0,
2123,2065,2,0,2200,270,20,0,0,
2123,2064,2,0,2200,270,20,0,0,
2122,2066,2,0,2200,270,20,0,0,
2122,2064,2,0,2200,270,20,0,0,
2124,2066,2,0,2200,270,20,0,0,
2124,2066,2,0,2200,270,20,0,0,
2123,2067,2,0,2200,270,20,0,0,
2123,2066,2,0,2200,270,20,0,0,
2123,2066,2,0,2200,270,20,0,0,
2123,2067,2,0,2200,270,20,0,0,
2123,2067,2,0,2200,270,20,0,0,
2123,2066,2,0,2200,270,20,0,0,
2122,2066,2,0,2200,270,20,0,0,
2123,2067,2,0,2200,270,20,0,0,
2124,2066,2,0,2200,270,20,0,0,
2125,2067,2,0,2200,270,20,0,0,
2124,2068,2,0,2200,270,20,0,0,
2124,2068,2,0,2200,270,20,0,0,
2124,2066,2,0,2200,270,20,0,0,
2123,2066,2,0,2200,270,20,0,0,
2122,2068,2,0,2200,270,20,0,0,
2123,2069,2,0,2200,270,20,0,0,
2123,2068,2,0,2200,270,20,0,0,
2123,2067,2,0,2200,270,20,0,0,
2124,2067,2,0,2200,270,20,0,0,
2125,2066,2,0,2200,270,20,0,0,
2125,2067,2,0,2200,270,20,0,0,
2124,2068,2,0,2200,270,20,0,0,
2124,2069,2,0,2200,270,20,0,0,
2124,2067,2,0,2200,270,20,0,0,
2124,2067,2,0,2200,270,20,0,0,
2125,2067,2,0,2200,270,20,0,0,
2125,2066,2,0,2200,270,20,0,0,
2124,2066,2,0,2200,270,20,0,0,
2123,2067,2,0,2200,270,20,0,0,
2123,2068,2,0,2200,270,20,0,0,
2125,2068,2,0,2200,270,20,0,0,
2126,2069,2,0,2200,270,20,0,0,
2126,2069,2,0,2200,270,20,0,0,
2124,2070,2,0,2200,270,20,0,0,
2123,2068,2,0,2200,270,20,0,0,
2123,2068,2,0,2200,270,20,0,0,
2122,2068,2,0,2200,270,20,0,0,
2123,2069,2,0,2200,270,20,0,0,
2123,2068,2,0,2200,270,20,0,0,
2124,2067,2,0,2200,270,20,0,0,
2125,2067,2,0,2200,270,20,0,0,
2125,2067,2,0,2200,270,20,0,0,
2124,2068,2,0,2200,270,20,0,0,
2125,2067,2,0,2200,270,20,0,0,
2124,2067,2,0,2200,270,20,0,0,
2125,2067,2,0,2200,270,20,0,0,
2125,2067,2,0,2200,270,20,0,0,
2124,2068,2,0,2200,270,20,0,0,
2124,2069,2,0,2200,270,20,0,0,
2123,2067,2,0,2200,270,20,0,0,
2124,2068,2,0,2200,270,20,0,0,
2125,2068,2,0,2200,270,20,0,0,
2124,2069,2,0,2200,270,20,0,0,
2123,2068,2,0,2200,270,20,0,0,
2123,2069,2,0,2200,270,20,0,0,
2124,2068,2,0,2200,270,20,0,0,
2123,2068,2,0,2200,270,20,0,0,
2124,2066,2,0,2200,270,20,0,0,
2123,2066,2,0,2200,270,20,0,0,
2124,2066,2,0,2200,270,20,0,0,
2124,2066,2,0,2200,270,20,0,0,
2124,2067,2,0,2200,270,20,0,0,
2124,2067,2,0,2200,270,20,0,0,
2124,2068,2,0,2200,270,20,0,0,
2124,2069,2,0,2200,270,20,0,0,
2123,2069,2,0,2200,270,20,0,0,
2124,2068,2,0,2200,270,20,0,0,
2124,2069,2,0,2200,270,20,0,0,
2124,2069,2,0,2200,270,20,0,0,
2124,2069,2,0,2200,270,20,0,0,
2124,2069,2,0,2200,270,20,0,0,
2124,2068,2,0,2200,270,20,0,0,
2125,2067,2,0,2200,270,20,0,0,
2124,2067,2,0,2200,270,20,0,0,
2124,2076,2,0,2200,270,20,0,0,
2124,2078,2,0,2200,270,20,0,0,
2124,2071,2,0,2200,270,20,0,0,
2123,2069,2,0,2200,270,20,0,0,
2124,2068,2,0,2200,270,20,0,0,
2124,2068,2,0,2200,270,20,0,0,
2124,2067,2,0,2200,270,20,0,0,
2124,2068,2,0,2200,270,20,0,0,
2124,2067,2,0,2200,270,20,0,0,
2125,2068,2,0,2200,270,20,0,0,
2125,2069,2,0,2200,270,20,0,0,
2125,2068,2,0,2200,270,20,0,0,
2125,2067,2,0,2200,270,20,0,0,
2124,2067,2,0,2200,270,20,0,0,
2125,2067,2,0,2200,270,20,0,0,
2124,2068,2,0,2200,270,20,0,0,
2124,2068,2,0,2200,270,20,0,0,
2124,2067,2,0,2200,270,20,0,0,
2125,2066,2,0,2200,270,20,0,0,
2129,2067,2,0,2200,270,20,0,0,
2129,2068,2,0,2200,270,20,0,0,
2129,2067,2,0,2200,270,20,0,0,
2124,2067,2,0,2200,270,20,0,0,
2124,2067,2,0,2200,270,20,0,0,
2123,2068,2,0,2200,270,20,0,0,
2123,2066,2,0,2200,270,20,0,0,
2122,2066,2,0,2200,270,20,0,0,
2124,2066,2,0,2200,270,20,0,0,
2125,2067,2,0,2200,270,20,0,0,
2125,2067,2,0,2200,270,20,0,0,
2125,2067,2,0,2200,270,20,0,0,
2123,2067,2,0,2200,270,20,0,0,
2123,2069,2,0,2200,270,20,0,0,
2123,2068,2,0,2200,270,20,0,0,
2125,2068,2,0,2200,270,20,0,0,
2125,2066,2,0,2200,270,20,0,0,
2125,2068,2,0,2200,270,20,0,0,
2124,2069,2,0,2200,270,20,0,0,
2124,2069,2,0,2200,270,20,0,0,
2124,2068,2,0,2200,270,20,0,0,
2124,2068,2,0,2200,270,20,0,0,
2124,2067,2,0,2200,270,20,0,0,
2124,2066,2,0,2200,270,20,0,0,
2124,2067,2,0,2200,270,20,0,0,
2125,2058,2,0,2200,270,20,0,0,
2126,2058,2,0,2200,270,20,0,0,
2126,2058,2,0,2200,270,20,0,0,
2126,2068,2,0,2200,270,20,0,0,
2126,2067,2,0,2200,270,20,0,0,
2125,2064,2,0,2200,270,20,0,0,
2125,2065,2,0,2200,270,20,0,0,
2124,2066,2,0,2200,270,20,0,0,
2125,2068,2,0,2200,270,20,0,0,
2125,2068,2,0,2200,270,20,0,0,
2125,2068,2,0,2200,270,20,0,0,
2124,2068,2,0,2200,270,20,0,0,
2124,2068,2,0,2200,270,20,0,0,
2125,2068,2,0,2200,270,20,0,0,
2125,2068,2,0,2200,270,20,0,0,
2125,2067,2,0,2200,270,20,0,0,
2125,2070,2,0,2200,270,20,0,0,
2125,2070,2,0,2200,270,20,0,0,
2124,2069,2,0,2200,270,20,0,0,
2125,2068,2,0,2200,270,20,0,0,
2125,2065,2,0,2200,270,20,0,0,
2125,2066,2,0,2200,270,20,0,0,
2125,2065,2,0,2200,270,20,0,0,
2125,2067,2,0,2200,270,20,0,0,
2124,2067,2,0,2200,270,20,0,0,
2125,2068,2,0,2200,270,20,0,0,
2124,2069,2,0,2200,270,20,0,0,
2122,2069,2,0,2200,270,20,0,0,
2123,2068,2,0,2200,270,20,0,0,
2125,2069,2,0,2200,270,20,0,0,
2126,2069,2,0,2200,270,20,0,0,
2125,2069,2,0,2200,270,20,0,0,
2124,2069,2,0,2200,270,20,0,0,
2124,2069,2,0,2200,270,20,0,0,
2125,2068,2,0,2200,270,20,0,0,
2125,2068,2,0,2200,270,20,0,0,
2124,2069,2,0,2200,270,20,0,0,
2124,2070,2,0,2200,270,20,0,0,
2123,2069,2,0,2200,270,20,0,0,
2124,2069,2,0,2200,270,20,0,0,
2124,2069,2,0,2200,270,20,0,0,
2124,2068,2,0,2200,270,20,0,0,
2123,2068,2,0,2200,270,20,0,0,
2124,2067,2,0,2200,270,20,0,0,
2126,2068,2,0,2200,270,20,0,0,
2127,2068,2,0,2200,270,20,0,0,
2127,2068,2,0,2200,270,20,0,0,
2126,2068,2,0,2200,270,20,0,0,
2125,2068,2,0,2200,270,20,0,0,
2124,2069,2,0,2200,270,20,0,0,
2124,2068,2,0,2200,270,20,0,0,
2124,2069,2,0,2200,270,20,0,0,
2124,2068,2,0,2200,270,20,0,0,
2125,2067,2,0,2200,270,20,0,0,
2124,2067,2,0,2200,270,20,0,0,
2124,2068,2,0,2200,270,20,0,0,
2125,2069,2,0,2200,270,20,0,0,
2125,2068,2,0,2200,270,20,0,0,
2125,2068,2,0,2200,270,20,0,0,
2127,2067,2,0,2200,270,20,0,0,
2127,2070,2,0,2200,270,20,0,0,
2127,2070,2,0,2200,270,20,0,0,
2125,2069,2,0,2200,270,20,0,0,
2125,2069,2,0,2200,270,20,0,0,
2125,2069,2,0,2200,270,20,0,0,
2125,2069,2,0,2200,270,20,0,0,
2124,2068,2,0,2200,270,20,0,0,
2124,2068,2,0,2200,270,20,0,0,
2123,2067,2,0,2200,270,20,0,0,
2124,2062,2,0,2200,270,20,0,0,
2123,2063,2,0,2200,270,20,0,0,
2125,2064,2,0,2200,270,20,0,0,
2125,2069,2,0,2200,270,20,0,0,
2126,2067,2,0,2200,270,20,0,0,
2126,2083,2,0,2200,270,20,0,0,
2124,2085,2,0,2200,270,20,0,0,
2125,2085,2,0,2200,270,20,0,0,
2124,2067,2,0,2200,270,20,0,0,
2124,2067,2,0,2200,270,20,0,0,
2124,2068,2,0,2200,270,20,0,0,
2124,2069,2,0,2200,270,20,0,0,
2125,2070,2,0,2200,270,20,0,0,
2125,2070,2,0,2200,270,20,0,0,
2126,2069,2,0,2200,270,20,0,0,
2126,2069,2,0,2200,270,20,0,0,
2124,2069,2,0,2200,270,20,0,0,
2124,2070,2,0,2200,270,20,0,0,
2125,2071,2,0,2200,270,20,0,0,
2125,2070,2,0,2200,270,20,0,0,
2124,2067,2,0,2200,270,20,0,0,
2125,2067,2,0,2200,270,20,0,0,
2126,2069,2,0,2200,270,20,0,0,
2126,2069,2,0,2200,270,20,0,0,
2126,2069,2,0,2200,270,20,0,0,
2126,2068,2,0,2200,270,20,0,0,
2126,2069,2,0,2200,270,20,0,0,
2125,2069,2,0,2200,270,20,0,0,
2126,2069,2,0,2200,270,20,0,0,
2126,2069,2,0,2200,270,20,0,0,
2124,2069,2,0,2200,270,20,0,0,
2123,2069,2,0,2200,270,20,0,0,
2123,2069,2,0,2200,270,20,0,0,
2124,2069,2,0,2200,270,20,0,0,
2124,2069,2,0,2200,270,20,0,0,
2124,2068,2,0,2200,270,20,0,0,
2124,2069,2,0,2200,270,20,0,0,
2125,2071,2,0,2200,270,20,0,0,
2126,2070,2,0,2200,270,20,0,0,
2121,2067,2,0,2200,270,20,0,0,
2121,2067,2,0,2200,270,20,0,0,
2121,2068,2,0,2200,270,20,0,0,
2124,2070,2,0,2200,270,20,0,0,
2124,2070,2,0,2200,270,20,0,0,
2125,2068,2,0,2200,270,20,0,0,
2124,2068,2,0,2200,270,20,0,0,
2126,2069,2,0,2200,270,20,0,0,
2125,2070,2,0,2200,270,20,0,0,
2126,2068,2,0,2200,270,20,0,0,
2125,2069,2,0,2200,270,20,0,0,
2124,2070,2,0,2200,270,20,0,0,
2124,2071,2,0,2200,270,20,0,0,
2126,2069,2,0,2200,270,20,0,0,
2126,2067,2,0,2200,270,20,0,0,
2125,2068,2,0,2200,270,20,0,0,
2124,2069,2,0,2200,270,20,0,0,
2124,2072,2,0,2200,270,20,0,0,
2124,2071,2,0,2200,270,20,0,0,
2124,2069,2,0,2200,270,20,0,0,
2125,2070,2,0,2200,270,20,0,0,
2126,2069,2,0,2200,270,20,0,0,
2126,2069,2,0,2200,270,20,0,0,
2125,2069,2,0,2200,270,20,0,0,
2125,2070,2,0,2200,270,20,0,0,
2124,2070,2,0,2200,270,20,0,0,
2125,2069,2,0,2200,270,20,0,0,
2125,2069,2,0,2200,270,20,0,0,
2125,2069,2,0,2200,270,20,0,0,
2125,2069,2,0,2200,270,20,0,0,
2126,2070,2,0,2200,270,20,0,0,
2126,2070,2,0,2200,270,20,0,0,
2126,2069,2,0,2200,270,20,0,0,
2127,2069,2,0,2200,270,20,0,0,
2126,2068,2,0,2200,270,20,0,0,
2126,2069,2,0,2200,270,20,0,0,
2126,2069,2,0,2200,270,20,0,0,
2126,2070,2,0,2200,270,20,0,0,
2125,2069,2,0,2200,270,20,0,0,
2126,2070,2,0,2200,270,20,0,0,
2125,2071,2,0,2200,270,20,0,0,
2126,2070,2,0,2200,270,20,0,0,
2125,2069,2,0,2200,270,20,0,0,
2125,2067,2,0,2200,270,20,0,0,
2125,2066,2,0,2200,270,20,0,0,
2126,2067,2,0,2200,270,20,0,0,
2125,2069,2,0,2200,270,20,0,0,
2127,2069,2,0,2200,270,20,0,0,
2126,2069,2,0,2200,270,20,0,0,
2126,2068,2,0,2200,270,20,0,0,
2125,2068,2,0,2200,270,20,0,0,
2125,2068,2,0,2200,270,20,0,0,
2127,2068,2,0,2200,270,20,0,0,
2126,2068,2,0,2200,270,20,0,0,
2126,2068,2,0,2200,270,20,0,0,
2126,2069,2,0,2200,270,20,0,0,
2126,2069,2,0,2200,270,20,0,0,
2125,2067,2,0,2200,270,20,0,0,
2126,2066,2,0,2200,270,20,0,0,
2126,2067,2,0,2200,270,20,0,0,
2126,2067,2,0,2200,270,20,0,0,
2126,2068,2,0,2200,270,20,0,0,
2126,2068,2,0,2200,270,20,0,0,
2126,2068,2,0,2200,270,20,0,0,
2125,2069,2,0,2200,270,20,0,0,
2124,2070,2,0,2200,270,20,0,0,
2125,2069,2,0,2200,270,20,0,0,
2125,2070,2,0,2200,270,20,0,0,
2125,2070,2,0,2200,270,20,0,0,
2120,2068,2,0,2200,270,20,0,0,
2119,2068,2,0,2200,270,20,0,0,
2120,2068,2,0,2200,270,20,0,0,
2126,2070,2,0,2200,270,20,0,0,
2126,2071,2,0,2200,270,20,0,0,
2126,2069,2,0,2200,270,20,0,0,
2127,2069,2,0,2200,270,20,0,0,
2127,2069,2,0,2200,270,20,0,0,
2126,2069,2,0,2200,270,20,0,0,
2125,2070,2,0,2200,270,20,0,0,
2126,2071,2,0,2200,270,20,0,0,
2127,2069,2,0,2200,270,20,0,0,
2127,2069,2,0,2200,270,20,0,0,
2126,2069,2,0,2200,270,20,0,0,
2126,2070,2,0,2200,270,20,0,0,
2127,2070,2,0,2200,270,20,0,0,
2129,2069,2,0,2200,270,20,0,0,
2129,2069,2,0,2200,270,20,0,0,
2129,2069,2,0,2200,270,20,0,0,
2127,2071,2,0,2200,270,20,0,0,
2128,2071,2,0,2200,270,20,0,0,
2127,2071,2,0,2200,270,20,0,0,
2126,2071,2,0,2200,270,20,0,0,
2126,2069,2,0,2200,270,20,0,0,
2126,2070,2,0,2200,270,20,0,0,
2126,2071,2,0,2200,270,20,0,0,
2126,2071,2,0,2200,270,20,0,0,
2125,2069,2,0,2200,270,20,0,0,
2127,2070,2,0,2200,270,20,0,0,
2126,2070,2,0,2200,270,20,0,0,
2126,2070,2,0,2200,270,20,0,0,
2126,2070,2,0,2200,270,20,0,0,
2126,2068,2,0,2200,270,20,0,0,
2126,2069,2,0,2200,270,20,0,0,
2126,2069,2,0,2200,270,20,0,0,
2127,2068,2,0,2200,270,20,0,0,
2125,2067,2,0,2200,270,20,0,0,
2126,2068,2,0,2200,270,20,0,0,
2126,2069,2,0,2200,270,20,0,0,
2127,2069,2,0,2200,270,20,0,0,
2125,2071,2,0,2200,270,20,0,0,
2125,2072,2,0,2200,270,20,0,0,
2125,2071,2,0,2200,270,20,0,0,
2125,2072,2,0,2200,270,20,0,0,
2125,2070,2,0,2200,270,20,0,0,
2127,2069,2,0,2200,270,20,0,0,
2129,2068,2,0,2200,270,20,0,0,
2127,2069,2,0,2200,270,20,0,0,
2126,2071,2,0,2200,270,20,0,0,
2126,2072,2,0,2200,270,20,0,0,
2126,2070,2,0,2200,270,20,0,0,
2126,2071,2,0,2200,270,20,0,0,
2125,2070,2,0,2200,270,20,0,0,
2126,2070,2,0,2200,270,20,0,0,
2126,2071,2,0,2200,270,20,0,0,
2126,2069,2,0,2200,270,20,0,0,
2127,2068,2,0,2200,270,20,0,0,
2126,2071,2,0,2200,270,20,0,0,
2126,2071,2,0,2200,270,20,0,0,
2125,2071,2,0,2200,270,20,0,0,
2125,2071,2,0,2200,270,20,0,0,
2125,2071,2,0,2200,270,20,0,0,
2126,2070,2,0,2200,270,20,0,0,
2126,2069,2,0,2200,270,20,0,0,
2126,2068,2,0,2200,270,20,0,0,
2126,2069,2,0,2200,270,20,0,0,
2126,2071,2,0,2200,270,20,0,0,
2126,2071,2,0,2200,270,20,0,0,
2125,2070,2,0,2200,270,20,0,0,
2125,2071,2,0,2200,270,20,0,0,
2125,2072,2,0,2200,270,20,0,0,
2125,2069,2,0,2200,270,20,0,0,
2124,2070,2,0,2200,270,20,0,0,
2126,2071,2,0,2200,270,20,0,0,
2127,2071,2,0,2200,270,20,0,0,
2126,2071,2,0,2200,270,20,0,0,
2126,2071,2,0,2200,270,20,0,0,
2126,2071,2,0,2200,270,20,0,0,
2125,2069,2,0,2200,270,20,0,0,
2125,2069,2,0,2200,270,20,0,0,
2125,2070,2,0,2200,270,20,0,0,
2125,2070,2,0,2200,270,20,0,0,
2126,2069,2,0,2200,270,20,0,0,
2126,2071,2,0,2200,270,20,0,0,
2126,2071,2,0,2200,270,20,0,0,
2126,2071,2,0,2200,270,20,0,0,
2125,2071,2,0,2200,270,20,0,0,
2126,2072,2,0,2200,270,20,0,0,
2126,2072,2,0,2200,270,20,0,0,
